"OrderID,Category,Region,Sales,Profit"
"CA-2026-1001,Technology,West,1250.50,320.10"
"CA-2026-1002,Furniture,East,850.00,120.50"
"CA-2026-1003,Office Supplies,Central,145.20,35.40"
"CA-2026-1004,Technology,South,2100.00,540.00"
"CA-2026-1005,Furniture,West,450.75,-45.20"
"CA-2026-1006,Office Supplies,East,89.90,22.10"
"CA-2026-1007,Technology,Central,1650.00,410.00"
"CA-2026-1008,Furniture,South,620.30,85.00"
"CA-2026-1009,Office Supplies,West,310.40,65.80"
"CA-2026-1010,Technology,East,980.00,215.30"
"CA-2026-1011,Furniture,Central,730.00,-30.00"
"CA-2026-1012,Office Supplies,South,195.50,48.20"
